-- MySQL dump 10.13  Distrib 8.0.29, for Linux (x86_64)
--
-- Host: localhost    Database: catus
-- ------------------------------------------------------
-- Server version	8.0.29-0ubuntu0.20.04.3

/*!40101 SET @OLD_CHARACTER_SET_CLIENT=@@CHARACTER_SET_CLIENT */;
/*!40101 SET @OLD_CHARACTER_SET_RESULTS=@@CHARACTER_SET_RESULTS */;
/*!40101 SET @OLD_COLLATION_CONNECTION=@@COLLATION_CONNECTION */;
/*!50503 SET NAMES utf8mb4 */;
/*!40103 SET @OLD_TIME_ZONE=@@TIME_ZONE */;
/*!40103 SET TIME_ZONE='+00:00' */;
/*!40014 SET @OLD_UNIQUE_CHECKS=@@UNIQUE_CHECKS, UNIQUE_CHECKS=0 */;
/*!40014 SET @OLD_FOREIGN_KEY_CHECKS=@@FOREIGN_KEY_CHECKS, FOREIGN_KEY_CHECKS=0 */;
/*!40101 SET @OLD_SQL_MODE=@@SQL_MODE, SQL_MODE='NO_AUTO_VALUE_ON_ZERO' */;
/*!40111 SET @OLD_SQL_NOTES=@@SQL_NOTES, SQL_NOTES=0 */;

--
-- Table structure for table `forms_form`
--

DROP TABLE IF EXISTS `forms_form`;
/*!40101 SET @saved_cs_client     = @@character_set_client */;
/*!50503 SET character_set_client = utf8mb4 */;
CREATE TABLE `forms_form` (
  `id` int NOT NULL AUTO_INCREMENT,
  `title` varchar(50) COLLATE utf8mb4_unicode_ci NOT NULL,
  `slug` varchar(100) COLLATE utf8mb4_unicode_ci NOT NULL,
  `intro` longtext COLLATE utf8mb4_unicode_ci NOT NULL,
  `button_text` varchar(50) COLLATE utf8mb4_unicode_ci NOT NULL,
  `response` longtext COLLATE utf8mb4_unicode_ci NOT NULL,
  `redirect_url` varchar(200) COLLATE utf8mb4_unicode_ci DEFAULT NULL,
  `status` int NOT NULL,
  `publish_date` datetime DEFAULT NULL,
  `expiry_date` datetime DEFAULT NULL,
  `login_required` tinyint(1) NOT NULL,
  `send_email` tinyint(1) NOT NULL,
  `email_from` varchar(254) COLLATE utf8mb4_unicode_ci NOT NULL,
  `email_copies` varchar(200) COLLATE utf8mb4_unicode_ci NOT NULL,
  `email_subject` varchar(200) COLLATE utf8mb4_unicode_ci NOT NULL,
  `email_message` longtext COLLATE utf8mb4_unicode_ci NOT NULL,
  PRIMARY KEY (`id`),
  UNIQUE KEY `slug` (`slug`)
) ENGINE=InnoDB AUTO_INCREMENT=8 DEFAULT CHARSET=utf8mb4 COLLATE=utf8mb4_unicode_ci;
/*!40101 SET character_set_client = @saved_cs_client */;

--
-- Dumping data for table `forms_form`
--

LOCK TABLES `forms_form` WRITE;
/*!40000 ALTER TABLE `forms_form` DISABLE KEYS */;
INSERT INTO `forms_form` VALUES (3,'FORMULARIO PARA LA ADOPCIÓN RESPONSABLE DE GATOS','formulario-de-pre-adopcion','<h4 class=\"text-center\">REQUISITOS PARA LA ADOPCIÓN RESPONSABLE DE UN GATO</h4>\r\n\r\n<hr>\r\n\r\n<ul>\r\n\r\n<li>\r\n<b>Residir en Gran Buenos Aires o CABA. </b><br>\r\nEsto lo pedimos ya que el equipo de Felis Catus se encuentra en Vicente López, San Isidro y CABA y nos resulta más sencillo el proceso de adopción y seguimiento. Si sos de otra zona e igualmente querés adoptar, escribinos un mail a <a href=\'mailto:grupofeliscatus@gmail.com\'> grupofeliscatus@gmail.com </a>. \r\n</li>\r\n\r\n<li>\r\n<b>\r\nSer mayor de 18 años.\r\n</b>\r\n\r\n<li>\r\n<b>\r\nEl hogar deberá contar con la protección necesaria (medianeras altas, red en ventanas, cerramiento adecuado en balcón y terrazas, mosquiteros, etc.). \r\n</b> <br>\r\n\r\nEste requisito lo pedimos para evitar que el gato corra peligro de escaparse, perderse, lastimarse y/o de terminar con su vida. Dedicamos gran parte de nuestras vidas a rescatar, cuidar y castrar gatos y perros y no queremos que ellos sufran las consecuencias de no cuidarlos como ellos merecen. Un gato puede caerse de un balcón si no ponemos protección, trepar medianeras bajas y escaparse, ser atropellado cruzando la calle, sufrir maltrato de parte de los humanos, contraer enfermedades de otros gatos que se encuentran en el barrio, ser mordidos por perros, ingerir veneno y muchísimos peligros más. <br>\r\n\r\nExisten muchas maneras de proteger el hogar. Si no sabés cómo, te contamos que en el instagram se encuentra una historia destacada llamada PROTECCIONES con fotos e ilustraciones de distintos cerramientos e ideas para cuidar a nuestros gatos.\r\nTambién tenemos otra historia destacada que se llama PELIGROS y que explica qué peligros corren nuestros gatos en la calle.         \r\n</li>\r\n\r\n<li>\r\n<b> Si el adoptado se entregara sin esterilizar, es OBLIGATORIA la CASTRACIÓN del mismo. </b> <br>\r\n\r\nRecomendamos castrar a las hembras a los 5/6 meses y a los machos a los 7/8 o según indique el veterinario de cabecera. Bajo ningún punto de vista, las gatas adoptadas podrán quedar preñadas. \r\n\r\nEs incontable la cantidad de gatas no castradas, preñadas o con crías que se encuentran en la calle constantemente. Los hogares no alcanzan para todos los gatos que siguen naciendo todos los días, los que se encuentran en adopción en agrupaciones, refugios o con rescatistas y por eso debemos ser responsables siempre y castrar a nuestras gatas y gatos. \r\n\r\nEn caso de no poder costear la cirugía ni contar con castraciones gratuitas o a bajo costo en el municipio de residencia, Felis Catus se encargará de castrar al adoptado. Sabemos que los precios de las castraciones son excesivamente caros e inalcanzables para muchos, por eso podés contar siempre con nuestro apoyo. \r\n\r\n</li>\r\n\r\n<li>\r\n<b>El adoptante se compromete a encargarse de mantener la buena salud del gato.</b> <br>\r\n \r\nEsto incluye brindarle un alimento de buena calidad que corresponda a su edad y/o estado, marcas como: Pro Plan, Royal Canin, Eukanuba, Old Prince, Excellent, Performance, Iams, Agility, Vital Can, Sieger o marcas avaladas por el veterinario de cabecera, llevar adelante las controles veterinarios necesarios, vacunaciones, desparasitaciones y todo lo que indique el médico veterinario. \r\n\r\n</li>\r\n\r\n<li>\r\n\r\n<b>Aceptar seguimiento post-adopción. </b> <br>\r\n\r\nEsto significa que el adoptante se compromete a mantener contacto siempre con la agrupación y a informar mediante mensajes, enviando fotos y vídeos, etc. sobre el adoptado periódicamente durante el tiempo que el gato viva. \r\n\r\nA nosotros nos encanta saber cómo están esos gatos que rescatamos, que cuidamos, que amamos y a quienes prometimos encontrarles las mejores familias.  \r\n</li>  \r\n</ul>\r\n\r\n<hr>\r\n<div>\r\n                               \r\nSi cumplís y estás de acuerdo con estos requisitos, podés completar a continuación un formulario de pre adopción. En caso de que tengas dudas sobre si cumplís o no con determinado punto, escribinos un email a <a href=\'mailto:grupofeliscatus@gmail.com\'> grupofeliscatus@gmail.com </a>.  <br><br>\r\n\r\nAl completar dicho formulario se te pedirá que adjuntes fotos de la protección y/o cerramientos y espacios del hogar donde vivirá el gato. <br><br>\r\n\r\nEn un plazo máximo de 5 días, nos estaremos contactando con vos por email, instagram o facebook. <br> Tené en cuenta que somos todos voluntarios y trabajamos ad honorem por amor a los animales, por lo que contamos con tu paciencia. <br><br>\r\n\r\n<b>ACLARACIÓN IMPORTANTE</b>: a los gatos los entregamos dentro del hogar, verificamos que se cumplan los requisitos correspondientes, conocemos a la familia y damos las indicaciones necesarias. \r\n\r\n</div>','Enviar <i class=\'fa fa-cat\'></i>','¡Gracias por responder las preguntas y por tu tiempo! En caso de quedar seleccionado como adoptante te estaremos contactando y, si procedemos con el proceso de adopción, llevaremos al gato a su nuevo hogar y firmaremos el contrato de adopción responsable.',NULL,2,NULL,NULL,0,1,'','','',''),(4,'FORMULARIO DE TRÁNSITO PARA GATOS','formulario-de-transito','<h4 class=\"text-center\">Requisitos para tránsito de gatos de Felis Catus</h4>\r\n<hr>\r\n\r\n<ul >\r\n<li>\r\nSe deberá residir en Gran Buenos Aires o caba y ser mayor de 18 años.\r\n</li>\r\n<li>\r\nEl hogar deberá contar con mosquitero o red de protección en ventanas/balcón y/o medianeras altas, para evitar que el gato pueda escaparse, lastimarse y/o terminar con su vida durante el período del tránsito. El gato no tendrá acceso a la calle ni se lo dejará vagabundear por los techos.\r\n</li>\r\n<li>\r\nSe deberá reportar día por medio o cada determinado tiempo acordado, el estado del transitado a la agrupación, enviar fotos y videos que serán subidas a las redes sociales (Instagram y Facebook) de Felis Catus. \r\n</li>\r\n<li>\r\nEl transitante se compromete a llevar el adecuado control veterinario del gato transitado, a brindarle el alimento que corresponda a su edad y/o estado, a llevar adelante las desparasitaciones, eliminación de pulgas y los cuidados pertinentes. Todos los gastos correrán por cuenta de Felis Catus, por lo que se deberán pedir tickets o facturas de compras y/o consultas en la veterinaria y enviarlos al miembro de la agrupación encargado del seguimiento del tránsito. Podrá acordarse el envío del dinero por mercado pago o transferencia bancaria, y/o recibir los insumos necesarios (alimento, piedras sanitarias, antiparasitario, pipeta, frontline spray, gotas para ojos, medicamentos, etc.) en el domicilio de tránsito. \r\n</li>\r\n<li>\r\nEl transitante se compromete a brindar hogar al felino hasta que pueda ser dado en adopción. En caso de no poder continuar con el tránsito, deberá aguardar hasta conseguir uno nuevo, lo que puede demorar cierto tiempo. \r\n</li>\r\n<li>\r\nLa adopción la llevará adelante la agrupación Felis Catus, sin excepción. Cuando el transitado esté listo para encontrar hogar, será publicado en la página <a href=\'https://feliscatus.com.ar/\'>feliscatus.com.ar<a/> donde los interesados en adoptar podrán acceder al formulario y postularse para la adopción. El gato se entrega con contrato de adopción responsable, aceptando y cumpliendo los requisitos de pre adopción. \r\n</li>\r\n<li>\r\nLos gatos mayores a 6 meses se entregan castrados sin excepción, por lo que el transitante deberá encargarse de llevarlo a esterilizar. Podrá realizarlo en el municipio en forma gratuita o a bajo costo, o en una veterinaria de confianza, cuyos gastos corren por cuenta de la agrupación.   \r\n</li>\r\n</ul>','Enviar <i class=\'fa fa-cat\'></i>','¡Gracias por responder las preguntas y por tu tiempo! Estaremos revisando el formulario y contactandonos con vos a la brevedad.',NULL,2,NULL,NULL,0,1,'','','',''),(6,'FORMULARIO DE TRÁNSITO PARA PERROS','formulario-de-transito-para-perros','<h4 class=\"text-center\">Requisitos para tránsito de perros de Felis Catus</h4>\r\n<hr>\r\n\r\n<ul >\r\n<li>\r\nSe deberá residir en Gran Buenos Aires o caba y ser mayor de 18 años.\r\n</li>\r\n<li>\r\nEl hogar deberá contar con la protección suficiente (medianeras altas, portones, rejas, etc.) para evitar que el perro pueda escaparse, lastimarse y/o terminar con su vida durante el período del tránsito.\r\n</li>\r\n<li>\r\nSe deberá reportar cada determinado tiempo acordado el estado del transitado a la agrupación, enviar fotos y videos que serán subidos a las redes sociales (Instagram y Facebook) de Felis Catus.\r\n</li>\r\n<li>\r\nEl transitante se compromete a llevar el adecuado control veterinario del perro transitado, a brindarle el alimento que corresponda a su edad y/o estado, a llevar adelante las desparasitaciones necesarias, eliminación de pulgas y los cuidados pertinentes. Todos los gastos correrán por cuenta de Felis Catus, por lo que se deberán pedir tickets o facturas de compras y/o consultas en la veterinaria y enviarlos al miembro de la agrupación encargado del seguimiento del tránsito. Podrá acordarse el envío del dinero por mercado pago o transferencia bancaria, y/o recibir los insumos necesarios (alimento, antiparasitario, pipeta, frontline spray, medicamentos, etc.) en el domicilio de tránsito.\r\n</li>\r\n<li>\r\nEl transitante se compromete a brindar hogar al perro hasta que pueda ser dado en adopción. En caso de no poder continuar con el tránsito, deberá aguardar hasta conseguir uno nuevo, lo que puede demorar cierto tiempo.\r\n</li>\r\n<li>\r\nSi se lo saca a pasear el perro deberá siempre contar con collar/pretal, correa y una identificación, brindados por la agrupación.\r\n</li>\r\n<li>\r\nLa adopción la llevará adelante la agrupación Felis Catus, sin excepción. Cuando el transitado esté listo para encontrar hogar, será publicado en la página <a href=\"https://www.feliscatus.com.ar\"> www.feliscatus.com.ar</a> donde los interesados en adoptar podrán acceder al formulario y postularse para la adopción. El perro se entrega con contrato de adopción responsable, aceptando y cumpliendo los requisitos de pre adopción.\r\n</li>\r\n<li>\r\nLos perros mayores a 6 meses se entregan castrados sin excepción, por lo que el transitante deberá encargarse de llevarlo a esterilizar. Podrá realizarlo en el municipio en forma gratuita o a bajo costo, o en una veterinaria acordada, cuyos gastos corren por cuenta de la agrupación.\r\n</li>\r\n</ul>','Enviar <i class=\'fa fa-dog\'></i>','¡Gracias por responder las preguntas y por tu tiempo! Estaremos revisando el formulario y contactandonos con vos a la brevedad.',NULL,2,NULL,NULL,0,1,'','','',''),(7,'FORMULARIO PARA LA ADOPCIÓN RESPONSABLE DE PERROS','formulario-de-pre-adopcion-para-perros','<h4 class=\"text-center\">REQUISITOS PARA LA ADOPCIÓN RESPONSABLE DE UN PERRO</h4>\r\n\r\n<hr>\r\n\r\n<ul>\r\n\r\n<li>\r\n<b>Preferentemente residir en Gran Buenos Aires o CABA. </b><br>\r\n\r\nEsto lo pedimos ya que el equipo de Felis Catus se encuentra en Vicente López, San Isidro y CABA y nos resulta más sencillo el proceso de adopción y seguimiento. Si sos de otra zona e igualmente querés adoptar, escribinos un mail a <a href=\'mailto:grupofeliscatus@gmail.com\'>grupofeliscatus@gmail.com</a>.\r\n</li>\r\n\r\n<li>\r\n<b>\r\nSer mayor de 18 años.\r\n</b>\r\n\r\n<li>\r\n<b>\r\nEl hogar deberá contar con la protección necesaria (medianeras altas, portones, rejas, etc.). \r\n</b> <br>\r\n\r\nEste requisito lo pedimos para evitar que el perro corra peligro de escaparse, perderse, lastimarse y/o de terminar con su vida. Dedicamos gran parte de nuestras vidas a rescatar, cuidar y castrar perros y gatos y no queremos que ellos sufran las consecuencias de no cuidarlos como ellos merecen. Un perro puede caerse de un balcón si no ponemos protección o no es lo suficientemente alto, escapar a la vereda y ser atropellado cruzando la calle, sufrir maltrato de parte del humano, contraer enfermedades de otros perros que se encuentran en la calle, y muchísimos peligros más.<br>\r\n\r\nExisten muchas maneras de proteger el hogar. Si no sabés cómo, contactanos por mail y te asesoramos.      \r\n</li>\r\n\r\n<li>\r\n<b> Si el adoptado se entregara sin esterilizar, es OBLIGATORIA la CASTRACIÓN del mismo.</b> <br>\r\n\r\nRecomendamos castrar a las hembras a los 6 meses (estimativamente) y a los machos a los 7/8 o según lo indique el veterinario de cabecera. Bajo ningún punto de vista, las perras adoptadas podrán quedar preñadas. \r\nEs incontable la cantidad de perras no castradas, preñadas o con crías que se encuentran en la calle constantemente. Los hogares no alcanzan para todos los perros que siguen naciendo todos los días, los que se encuentran en adopción en agrupaciones, refugios o con rescatistas y por eso debemos ser responsables siempre y castrar a nuestras perras y perros. \r\nEn caso de no poder costear la cirugía ni contar con castraciones gratuitas o a bajo costo en el municipio de residencia, Felis Catus se encargará de castrar al adoptado. Sabemos que los precios de las castraciones son excesivamente caros e inalcanzables para muchos, por eso podés contar siempre con nuestro apoyo. \r\n</li>\r\n\r\n<li>\r\n<b>El adoptante se compromete a llevar el adecuado control sanitario del perro.</b> <br>\r\n \r\nEsto incluye brindar un alimento de buena calidad que corresponda a su edad y/o estado, marcas como: Pro Plan, Royal Canin, Eukanuba, Old Prince, Excellent, Performance, Iams, Agility, Vital Can, Sieger o marcas avaladas por el veterinario de cabecera, llevar adelante las controles veterinarios necesarios, vacunaciones, desparasitaciones y todo lo que indique el médico veterinario. \r\n</li>\r\n\r\n<li>\r\n\r\n<b>Aceptar seguimiento post-adopción. </b> <br>\r\n\r\nEsto significa que el adoptante se compromete a mantener contacto siempre con la agrupación y a informar mediante mensajes, enviando fotos y vídeos, etc. sobre el adoptado para toda su vida. A nosotros nos encanta saber cómo están esos perros que rescatamos, que cuidamos, que amamos y quienes prometimos encontrarles las mejores familias.\r\n</li>\r\n</ul>\r\n\r\n<hr>\r\n<div>\r\n\r\n\r\nSi cumplís y estás de acuerdo con estos requisitos, podés completar a continuación un formulario de pre adopción. En caso de que tengas dudas sobre si cumplís o no con determinado punto, escribinos vía email a <a href=\'mailto:grupofeliscatus@gmail.com\'> grupofeliscatus@gmail.com </a>.  <br><br>\r\n\r\nAl completar el formulario se te pedirá que adjuntes fotos de la protección y/o cerramientos y espacios del hogar donde vivirá el perro. <br><br>\r\n\r\nEn un plazo máximo de 5 días, nos estaremos contactando con vos por email, instagram o facebook. <br>\r\nTené en cuenta que somos todos voluntarios y trabajamos ad honorem por amor a los animales. <br><br>\r\n\r\n<b>ACLARACIÓN IMPORTANTE</b>: a los perros los entregamos dentro del hogar, verificamos que se cumplan los requisitos correspondientes, conocemos a la familia y damos las indicaciones necesarias.\r\n\r\n</div>','Enviar <i class=\'fa fa-dog\'></i>','¡Gracias por responder las preguntas y por tu tiempo! En caso de quedar seleccionado como adoptante te estaremos contactando y, si procedemos con el proceso de adopción, llevaremos al perro a su nuevo hogar y firmaremos el contrato de adopción responsable.',NULL,2,NULL,NULL,0,1,'','','','');
/*!40000 ALTER TABLE `forms_form` ENABLE KEYS */;
UNLOCK TABLES;

--
-- Table structure for table `forms_field`
--

DROP TABLE IF EXISTS `forms_field`;
/*!40101 SET @saved_cs_client     = @@character_set_client */;
/*!50503 SET character_set_client = utf8mb4 */;
CREATE TABLE `forms_field` (
  `id` int NOT NULL AUTO_INCREMENT,
  `label` varchar(1000) COLLATE utf8mb4_unicode_ci DEFAULT NULL,
  `slug` varchar(200) COLLATE utf8mb4_unicode_ci DEFAULT NULL,
  `field_type` int NOT NULL,
  `required` tinyint(1) NOT NULL,
  `visible` tinyint(1) NOT NULL,
  `choices` varchar(1000) COLLATE utf8mb4_unicode_ci NOT NULL,
  `default` varchar(2000) COLLATE utf8mb4_unicode_ci NOT NULL,
  `placeholder_text` varchar(100) COLLATE utf8mb4_unicode_ci DEFAULT NULL,
  `help_text` varchar(1000) COLLATE utf8mb4_unicode_ci DEFAULT NULL,
  `order` int DEFAULT NULL,
  `form_id` int NOT NULL,
  PRIMARY KEY (`id`),
  KEY `forms_field_slug_9980e165` (`slug`),
  KEY `forms_field_form_id_9ca5dc7e_fk_forms_form_id` (`form_id`),
  CONSTRAINT `forms_field_form_id_9ca5dc7e_fk_forms_form_id` FOREIGN KEY (`form_id`) REFERENCES `forms_form` (`id`)
) ENGINE=InnoDB AUTO_INCREMENT=218 DEFAULT CHARSET=utf8mb4 COLLATE=utf8mb4_unicode_ci;
/*!40101 SET character_set_client = @saved_cs_client */;

--
-- Dumping data for table `forms_field`
--

LOCK TABLES `forms_field` WRITE;
/*!40000 ALTER TABLE `forms_field` DISABLE KEYS */;
INSERT INTO `forms_field` VALUES (1,'Gato a adoptar','gatito',6,1,1,'0,238,250,252,268,269,277,280','',NULL,'¿A quién te gustaría adoptar?',0,3),(4,'Nombre y Apellido','nombre_y_apellido',1,1,1,'','',NULL,'',3,3),(5,'Edad','edad',13,1,1,'','',NULL,'',4,3),(6,'Profesión','profesion',1,1,1,'','',NULL,'',5,3),(7,'Celular','celular',1,1,1,'','',NULL,'',6,3),(8,'Localidad','localidad',1,1,1,'','',NULL,'Ingresa tu localidad o barrio',10,3),(9,'Partido','barrio',1,1,1,'','',NULL,'',9,3),(10,'1. ¿Por qué motivo querés adoptar un gato?','1_por_que_motivo_queres_adoptar_un_gato',2,1,1,'','',NULL,'',14,3),(11,'2. ¿Qué tipo de vivienda tenés?','2_que_tipo_de_vivienda_tenes_casadepartamentophotro',1,1,1,'','',NULL,'',15,3),(12,'3. Si vivís en PH o departamento y/o tu vivienda es alquilada ¿Chequeaste que el reglamento permita la tenencia de animales?','3_si_vivis_en_departamento_yo_tu_vivienda_es_alquilada_chequeaste_que_el_reglamento_permita_la_tenen',6,1,1,'Si,No','',NULL,'',16,3),(13,'4. ¿Tenés balcón, terraza, patio o jardín?','4_tenes_balcon_patio_o_jardin_indica_las_alturas_de_las_medianeras_y_por_favor_adjunta_fotos_excluye',6,1,1,'Si,No','',NULL,'',17,3),(17,'5.2. ¿La vivienda cuenta con la protección necesaria (medianeras altas, red en ventanas, cerramiento adecuado en balcón y terrazas, mosquiteros, etc.) para evitar que el gato pueda escaparse y/o caerse?','5_el_patiobalconjardinventanas_de_tu_hogar_tienen_la_proteccion_suficiente_como_para_que_el_gato_no_',1,0,1,'','',NULL,'',20,3),(18,'Fotos Protección (1)','fotos_proteccion_1',9,1,1,'','',NULL,'Las fotos de las protecciones son excluyentes.',21,3),(19,'Fotos Protección (2)','fotos_proteccion_2',9,1,1,'','',NULL,'Por favor adjunta al menos dos fotos.',22,3),(20,'Fotos Protección (3)','fotos_proteccion_3',9,0,1,'','',NULL,'',23,3),(21,'6. ¿Ya tuviste gatos?','6_ya_tuviste_gatos',6,1,1,'Si,No','',NULL,'',24,3),(22,'7. Si tuviste, pero ya no lo tenés, ¿qué ocurrió con el gato?','7_si_tuviste_pero_ya_no_lo_tenes_que_ocurrio_con_el_gato',2,0,1,'','',NULL,'',25,3),(23,'8. ¿Cuántas personas viven en tu hogar? (Indicá edades)','8_cuantas_personas_viven_en_tu_hogar_indica_edades',2,1,1,'','',NULL,'',26,3),(24,'9. ¿Todos en el hogar quieren adoptar?','9_todos_en_tu_familia_quieren_adoptar',6,1,1,'Si,No','',NULL,'Si tu respuesta es no, te sugerimos que dialoguen y puedan llegar a una decisión conjunta antes de pensar en adoptar.',27,3),(25,'10. ¿Alguien en la familia tiene alergia a los gatos?','10_alguien_en_la_familia_tiene_alergia_a_los_gatos',6,1,1,'Si,No','',NULL,'',28,3),(26,'11. En caso de que a alguien se le diagnostique alergia a los gatos, ¿Considerarías realizar la consulta correspondiente con un médico y tratarla? ¿Qué harías con el gato?','11_que_harias_con_el_gato_en_caso_de_que_a_alguien_se_le_diagnostique_alergia_a_los_gatos',2,1,1,'','',NULL,'',29,3),(27,'12. ¿Qué harías con el gato en el caso de que tuvieras que mudarte?','12_que_harias_con_el_gato_en_el_caso_de_que_tuvieras_que_mudarte',2,1,1,'','',NULL,'',30,3),(28,'13. ¿Qué harías con el gato si en la nueva vivienda no aceptan animales?','13_que_harias_con_el_gato_si_en_la_nueva_vivienda_no_aceptan_mascotas',2,1,1,'','',NULL,'',31,3),(29,'14. ¿Qué ocurriría con el gato si alguien en la familia quedara embarazada?','14_que_ocurriria_con_el_gato_si_alguien_en_la_familia_quedara_embarazada',2,1,1,'','',NULL,'',32,3),(30,'15. ¿Dónde dormirá el nuevo integrante?','15_donde_dormiria_el_gato',2,1,1,'','',NULL,'',34,3),(31,'16. ¿Hay otro/s gato/s en tu casa?','16_hay_otros_animales_en_tu_casa_indica_cuales_y_cuantos',6,1,1,'Si,No','',NULL,'',35,3),(32,'16.1. Por favor indicá sexos y edades:','17_si_tenes_otros_animales_que_marca_de_alimento_compras',1,0,1,'','',NULL,'',36,3),(33,'16.2. ¿Están castrados?','18_si_tenes_otros_animales_estan_castrados',1,0,1,'','',NULL,'',37,3),(34,'16.3. ¿Están vacunados?','19_si_tenes_otros_animales_estan_vacunados',1,0,1,'','',NULL,'',38,3),(35,'18. ¿Estás dispuesto a afrontar los costos de mantener en buen estado la salud del gato? Esto incluye visitas a la veterinaria, vacunaciones, desparasitaciones, alimento de buena calidad, etc.','20_estas_dispuesto_a_afrontar_los_costos_de_mantener_en_buen_estado_la_salud_del_gato_esto_incluye_a',6,1,1,'Si,No','',NULL,'Tené en cuenta que un gato con los cuidados pertinentes puede llegar a vivir 20 años.',47,3),(36,'19. ¿Contás con los medios para castrar al gato y/o en tu municipio ofrecen castraciones gratuitas o a bajo costo?','21_contas_con_los_medios_para_esterilizarcastrar_al_gato_yo_en_tu_municipio_ofrecen_castraciones_gra',2,1,1,'','',NULL,'',48,3),(37,'20. ¿Alguna vez debiste regalar a un animal tuyo? Si es así, ¿por qué?','22_alguna_vez_debiste_regalar_a_un_animal_tuyo_si_es_asi_por_que',2,1,1,'','',NULL,'',49,3),(38,'21. ¿Estás dispuesto a darle el tiempo necesario al gato para su adaptación?','23_estas_dispuesto_a_darle_el_tiempo_necesario_al_gato_para_su_adaptacion',2,1,1,'','',NULL,'Esto puede demorar varias semanas sobre todo si hay otros animales en la casa. El proceso de adaptación requiere de tiempo (días, semanas o meses según cada caso) y mucha paciencia.   Tené presente que durante las primeras noches el nuevo integrante puede llorar o esconderse, hacer pis y caca fuera del arenero, o presentar otras conductas indeseadas.',50,3),(39,'22. ¿Estás dispuesto a realizar el trabajo de acercamiento y socialización con el nuevo integrante? ¿Contás con el tiempo necesario para ello?','24_que_harias_si_no_se_adapta_bien_a_tu_hogar',2,1,1,'','',NULL,'Algunos gatos que no han tenido contacto con humanos o han sufrido maltrato pueden ser desconfiados y/o asustadizos.',51,3),(40,'23. ¿Sería un problema si el gato al crecer no tiene el carácter que esperabas?','25_que_harias_con_el_gato_si_al_crecer_no_tiene_el_caracter_que_esperabas',2,1,1,'','',NULL,'',52,3),(41,'24. Si te vas de vacaciones, ¿Con quién quedaría el gato?','26_con_quien_quedaria_si_te_vas_de_vacaciones',2,1,1,'','',NULL,'',53,3),(45,'Facebook','instagramfacebook',1,0,1,'','',NULL,'',11,3),(46,'Email','email',1,1,1,'','',NULL,'',7,3),(50,'Instagram','instagram',1,0,1,'','',NULL,'Las redes sociales son importantes para nosotros por dos motivos. Muchos adoptantes suben constantemente fotos de los adoptados a sus perfiles y es una manera para nosotros de saber de ellos. Además hacemos el seguimiento vía mail, instagram o facebook.',12,3),(51,'Nombre y Apellido','nombre_y_apellido',1,1,1,'','',NULL,'',0,4),(52,'Edad','edad',13,1,1,'','',NULL,'',1,4),(53,'Profesión','profesion',1,1,1,'','',NULL,'',2,4),(54,'Celular','celular',1,1,1,'','',NULL,'',3,4),(55,'Email','email',3,1,1,'','',NULL,'',4,4),(56,'Localidad','localidad',1,1,1,'','',NULL,'',7,4),(57,'Partido','barrio',1,1,1,'','',NULL,'',6,4),(58,'Facebook','facebook',1,0,1,'','',NULL,'',8,4),(59,'Instagram','instagram',1,0,1,'','',NULL,'',9,4),(60,'1. ¿Ya transitaste gatos anteriormente?','1_ya_transitaste_gatos_anteriormente',1,1,1,'','',NULL,'',10,4),(61,'2. Si ya transitaste gatos ¿Pudiste tener al gato hasta que consiguió hogar definitivo? Caso contrario ¿Qué ocurrió con el gato?','2_si_ya_transitaste_gatos_pudiste_tener_al_gato_hasta_que_consiguio_hogar_definitivo_caso_contrario_',2,1,1,'','',NULL,'',11,4),(62,'3. ¿Cuánto tiempo como máximo estarías dispuesto a tener al gato hasta que encuentre hogar definitivo?','3_cuanto_tiempo_como_maximo_estarias_dispuesto_a_tener_al_gato_hasta_que_encuentre_hogar_definitivo',1,1,1,'','',NULL,'',12,4),(63,'4. ¿Qué tipo de vivienda tenés?','4_que_tipo_de_vivienda_tenes',1,1,1,'','',NULL,'',13,4),(65,'5. Si vivís en departamento y/o tu vivienda es alquilada ¿Chequeaste que el reglamento permita la tenencia de animales?','5_si_vivis_en_departamento_yo_tu_vivienda_es_alquilada_chequeaste_que_el_reglamento_permita_la_tenen',6,1,1,'Si,No','',NULL,'',14,4),(66,'6. ¿Tenés balcón, patio o jardín?','6_tenes_balcon_patio_o_jardin_indica_las_alturas_de_las_medianeras',6,1,1,'Si,No','',NULL,'',16,4),(67,'7. ¿La vivienda cuenta con la protección necesaria (redes en las aberturas, medianeras altas, portones, rejas, etc) para evitar que el gato pueda escaparse durante el tiempo que dure el tránsito?','7_el_patiobalconjardinventanas_de_tu_hogar_tienen_la_proteccion_suficiente_mosquitero_o_red_como_par',1,1,1,'','',NULL,'',17,4),(68,'Fotos Protección (1)','fotos_proteccion_1',9,1,1,'','',NULL,'Las fotos de las protecciones son excluyentes.',18,4),(69,'Fotos Protección (2)','fotos_proteccion_2',9,1,1,'','',NULL,'Por favor adjunta al menos 2 fotos.',19,4),(70,'Fotos Protección (3)','fotos_proteccion_3',9,0,1,'','',NULL,'',20,4),(73,'8. ¿Cuántas personas viven en tu hogar? (Indicá edades)','8_cuantas_personas_viven_en_tu_hogar_indica_edades',2,1,1,'','',NULL,'',21,4),(74,'9. ¿Todos están de acuerdo con transitar?','9_todos_estan_de_acuerdo_con_transitar',6,1,1,'Si,No','',NULL,'',22,4),(75,'10. ¿Alguien en la familia tiene alergia a los gatos?','10_alguien_en_la_familia_tiene_alergia_a_los_gatos',1,1,1,'','',NULL,'',23,4),(76,'11. ¿Qué harías con el gato en caso de que a alguien se le diagnostique alergia durante el tránsito?','11_que_harias_con_el_gato_en_caso_de_que_a_alguien_se_le_diagnostique_alergia_a_los_gatos_durante_el',2,1,1,'','',NULL,'',24,4),(77,'12. ¿Qué harías con el gato en el caso de que tuvieras que mudarte durante el tránsito?','12_que_harias_con_el_gato_en_el_caso_de_que_tuvieras_que_mudarte',2,1,1,'','',NULL,'',25,4),(78,'13. ¿Qué ocurriría con el gato si alguien en la familia quedara embarazada?','13_que_ocurriria_con_el_gato_si_alguien_en_la_familia_quedara_embarazada',2,1,1,'','',NULL,'',26,4),(79,'14. ¿Dónde dormiría al gato?','14_donde_dormiria_al_gato',2,1,1,'','',NULL,'',26,4),(80,'15. ¿Hay otros animales en tu casa? (Indicá cuáles y cuántos)','15_hay_otros_animales_en_tu_casa_indica_cuales_y_cuantos',2,1,1,'','',NULL,'',27,4),(81,'16. Si tenés otros animales, ¿Están castrados?','16_si_tenes_otros_animales_que_marca_de_alimento_compras',1,0,1,'','',NULL,'',28,4),(82,'17. Si tenés otros animales, ¿Están desparasitados y sin pulgas?','17_si_tenes_otros_animales_estan_castrados',1,0,1,'','',NULL,'',29,4),(83,'18. Si tenés otros animales ¿Están vacunados?','18_si_tenes_otros_animales_estan_vacunados',1,0,1,'','',NULL,'',30,4),(84,'19. ¿Con quién quedaría el gato si te vas de vacaciones en el transcurso del tránsito?','19_con_quien_quedaria_si_te_vas_de_vacaciones_en_el_transcurso_del_transito',2,1,1,'','',NULL,'',33,4),(85,'20. ¿Estás dispuestx a realizar el trabajo de acercamiento y socialización con el gato? ¿Contás con el tiempo necesario para ello? Algunos gatos que no hayan tenido contacto con humanos o hayan sufrido maltrato pueden ser desconfiados y/o asustadizos.','20_estas_dispuesto_a_realizar_el_trabajo_de_acercamiento_y_socializacion_en_este_caso_contas_con_el_',2,1,1,'','',NULL,'',34,4),(86,'21. ¿En tu municipio ofrecen castraciones gratuitas o a bajo costo? En caso negativo la agrupación se hará cargo de costear la cirugía.','21_en_tu_municipio_ofrecen_castraciones_gratuitas_o_a_bajo_costo',2,1,1,'','',NULL,'',35,4),(87,'22. ¿Qué preferencias tenés a la hora de transitar? (Bebé, adulto, hembra preñada, hembra amamantando, gato enfermo con cuidados especiales, etc).','22_en_caso_de_que_una_gata_a_transitar_resulte_estar_prenada_podras_llevar_adelante_el_transito_de_l',2,1,1,'','',NULL,'',36,4),(88,'23. En caso de que una gata a transitar resulte estar preñada ¿Podrás llevar adelante el tránsito de la mamá y los bebés?','23_que_preferencias_tenes_a_la_hora_de_transitar_bebe_adulto_hembra_prenada_hembra_amamantando_gato_',2,1,1,'','',NULL,'',37,4),(89,'24. Indicá cantidad máxima de gatos que podrías transitar:','24_menciona_el_o_los_motivos_por_los_cuales_considerarias_encontrarle_un_nuevo_hogar_de_transito',2,1,1,'','',NULL,'',38,4),(91,'25. ¿Consideras que el gato es compatible con tu vida familiar y laboral actual y/o futura?','27_consideras_que_el_gato_es_compatible_con_tu_vida_familiar_y_laboral_actual_yo_futura',2,1,1,'','',NULL,'',54,3),(92,'26. ¿En caso de quedarte sin trabajo, tenés a alguna persona que te pueda ayudar a cubrir los gastos del gato?','28_dejarias_al_gato_solo_muchas_horas',2,1,1,'','',NULL,'',55,3),(93,'28. ¿Crees que existe algún motivo por el cual hablarías con la agrupación para devolver al gato?','29_en_caso_de_quedarte_sin_trabajo_tenes_a_alguien_en_tu_familia_que_te_pueda_ayudar_a_cubrir_los_ga',2,1,1,'','',NULL,'',57,3),(107,'Nombre y Apellido','nombre_y_apellido',1,1,1,'','',NULL,'',0,6),(108,'Edad','edad',13,1,1,'','',NULL,'',1,6),(109,'Profesión','profesion',1,1,1,'','',NULL,'',2,6),(110,'Celular','celular',1,1,1,'','',NULL,'',3,6),(111,'Email','email',3,1,1,'','',NULL,'',4,6),(112,'Dirección','direccion',1,1,1,'','',NULL,'',5,6),(113,'Localidad','localidad',1,1,1,'','',NULL,'',6,6),(114,'Partido','partido',1,1,1,'','',NULL,'',7,6),(115,'Facebook','facebook',1,0,1,'','',NULL,'',8,6),(116,'Instagram','instagram',1,0,1,'','',NULL,'',9,6),(117,'1. ¿Ya transitaste perros anteriormente?','1_ya_transitaste_perros_anteriormente',1,1,1,'','',NULL,'',10,6),(118,'2. Si ya transitaste un perro, ¿Pudiste tenerlo hasta que consiguió hogar definitivo? Caso contrario, ¿Qué ocurrió con el perro?','2_si_ya_transitaste_un_perro_pudiste_tenerlo_hasta_que_consiguio_hogar_definitivo_caso_contrario_que_ocurrio_con_el_perro',2,1,1,'','',NULL,'',11,6),(119,'3. ¿Cuánto tiempo como máximo estarías dispuestx a tener al perro hasta que encuentre hogar definitivo?','3_cuanto_tiempo_como_maximo_estarias_dispuestx_a_tener_al_perro_hasta_que_encuentre_hogar_definitivo',1,1,1,'','',NULL,'',12,6),(120,'4. ¿Qué tipo de vivienda tenés?','4_que_tipo_de_vivienda_tenes',1,1,1,'','',NULL,'',13,6),(121,'5. Si vivís en departamento y/o tu vivienda es alquilada ¿Chequeaste que el reglamento permita la tenencia de animales?','5_si_vivis_en_departamento_yo_tu_vivienda_es_alquilada_chequeaste_que_el_reglamento_permita_la_tenencia_de_animales',6,1,1,'Si,No','',NULL,'',14,6),(122,'6. ¿Tenés balcón, patio o jardín?','6_tenes_balcon_patio_o_jardin',6,1,1,'Si,No','',NULL,'',15,6),(123,'7. ¿La vivienda cuenta con la protección necesaria (medianeras altas, portones, rejas, etc) para evitar que el perro pueda escaparse? Por favor adjuntá fotos.','7_la_vivienda_cuenta_con_la_proteccion_necesaria_medianeras_altas_portones_rejas_etc_para_evitar_que_el_perro_pueda_escaparse_por_favor_adjunta_fotos',1,0,1,'','',NULL,'',16,6),(124,'8. ¿Cuántas personas viven en tu hogar? (Indicá edades)','8_cuantas_personas_viven_en_tu_hogar_indica_edades',2,1,1,'','',NULL,'',20,6),(125,'9. ¿Todxs están de acuerdo con transitar?','9_todxs_estan_de_acuerdo_con_transitar',6,1,1,'Si,No','',NULL,'',21,6),(126,'10. ¿Alguien en la familia tiene alergia a los perros?','10_alguien_en_la_familia_tiene_alergia_a_los_perros',1,1,1,'','',NULL,'',22,6),(127,'11. ¿Qué harías con el perro en caso de que a alguien se le diagnostique alergia a los perros durante el tránsito?','11_que_harias_con_el_perro_en_caso_de_que_a_alguien_se_le_diagnostique_alergia_a_los_perros_durante_el_transito',2,1,1,'','',NULL,'',23,6),(128,'12. ¿Qué harías con el perro en el caso de que tuvieras que mudarte durante el tránsito?','12_que_harias_con_el_perro_en_el_caso_de_que_tuvieras_que_mudarte_durante_el_transito',2,1,1,'','',NULL,'',24,6),(129,'13. ¿Qué ocurriría con el perro si alguien en la familia quedara embarazada?','13_que_ocurriria_con_el_perro_si_alguien_en_la_familia_quedara_embarazada',2,1,1,'','',NULL,'',25,6),(130,'14. ¿Dónde dormiría al perro?','14_donde_dormiria_al_perro',2,1,1,'','',NULL,'',26,6),(131,'15. ¿Hay otros animales en tu casa? (Indicá cuáles y cuántos)','15_hay_otros_animales_en_tu_casa_indica_cuales_y_cuantos',2,1,1,'','',NULL,'',27,6),(132,'16. Si tenés otros animales, ¿Están castrados?','16_si_tenes_otros_animales_estan_castrados',1,0,1,'','',NULL,'',28,6),(133,'17. Si tenés otros animales, ¿Están desparasitados y sin pulgas?','17_si_tenes_otros_animales_estan_desparasitados_y_sin_pulgas',1,0,1,'','',NULL,'',29,6),(134,'18. Si tenés otros animales ¿Están vacunados?','18_si_tenes_otros_animales_estan_vacunados',1,0,1,'','',NULL,'',30,6),(135,'19. ¿Con quién quedaría el perro si te vas de vacaciones en el transcurso del tránsito?','19_con_quien_quedaria_el_perro_si_te_vas_de_vacaciones_en_el_transcurso_del_transito',2,1,1,'','',NULL,'',31,6),(136,'20. ¿Estás dispuestx a realizar el trabajo de acercamiento y socialización con el perro? ¿Contás con el tiempo necesario para ello? Algunos perros que no hayan tenido contacto con humanos o hayan sufrido maltrato pueden ser desconfiados y/o asustadizos.','20_estas_dispuestx_a_realizar_el_trabajo_de_acercamiento_y_socializacion_con_el_perro_contas_con_el_tiempo_necesario_para_ello_algunos_perros_que_no_hayan_tenido_contacto_con_humanos_o_hayan_sufr',2,1,1,'','',NULL,'',32,6),(137,'21. Si por indicación veterinaria el perro puede salir a pasear, ¿Contás con el tiempo necesario para realizarle mínimo 2 salidas diarias?','21_si_por_indicacion_veterinaria_el_perro_puede_salir_a_pasear_contas_con_el_tiempo_necesario_para_realizarle_minimo_2_salidas_diarias',2,1,1,'','',NULL,'',33,6),(138,'22. ¿En tu municipio ofrecen castraciones gratuitas o a bajo costo? En caso negativo la agrupación se hará cargo de costear la cirugía.','22_en_tu_municipio_ofrecen_castraciones_gratuitas_o_a_bajo_costo_en_caso_negativo_la_agrupacion_se_hara_cargo_de_costear_la_cirugia',2,1,1,'','',NULL,'',34,6),(139,'23. ¿Qué preferencias tenés a la hora de transitar? (Bebé, adulto, hembra preñada, hembra amamantando, perro enfermo con cuidados especiales, etc).','23_que_preferencias_tenes_a_la_hora_de_transitar_bebe_adulto_hembra_prenada_hembra_amamantando_perro_enfermo_con_cuidados_especiales_etc',2,1,1,'','',NULL,'',35,6),(140,'24. En caso de transitar perros cachorros, los mismos suelen tener mucha energía, romper cosas, hacer pis y caca donde no corresponde, etc. ¿Estás dispuestx a enseñarle, a tenerle paciencia hasta que corrija esas conductas indeseadas?','24_en_caso_de_transitar_perros_cachorros_estas_dispuestx_a_ensenarle_a_tenerle_paciencia_hasta_que_corrija_esas_conductas_indeseadas',2,1,1,'','',NULL,'',36,6),(141,'25. Indicá cantidad máxima de perros que podrías transitar:','25_indica_cantidad_maxima_de_perros_que_podrias_transitar',2,1,1,'','',NULL,'',37,6),(142,'26. Mencioná el o los motivo/s por los cuales considerarías encontrarle un nuevo hogar de tránsito:','26_menciona_el_o_los_motivos_por_los_cuales_considerarias_encontrarle_un_nuevo_hogar_de_transito',2,1,1,'','',NULL,'',38,6),(143,'Fotos Protección (1)','fotos_proteccion_1',9,0,1,'','',NULL,'',17,6),(144,'Fotos Protección (2)','fotos_proteccion_2',9,0,1,'','',NULL,'',18,6),(145,'Fotos Protección (3)','fotos_proteccion_3',9,0,1,'','',NULL,'',19,6),(146,'Perro a adoptar','perro_a_adoptar',6,1,1,'0,276,281','',NULL,'¿A quién te gustaría adoptar?',0,7),(147,'Nombre y Apellido','nombre_y_apellido',1,1,1,'','',NULL,'',2,7),(148,'Edad','edad',13,1,1,'','',NULL,'',3,7),(149,'Profesión','profesion',1,1,1,'','',NULL,'',4,7),(150,'Celular','celular',1,1,1,'','',NULL,'',5,7),(151,'Email','email',3,1,1,'','',NULL,'',6,7),(152,'Partido','partido',1,1,1,'','',NULL,'',8,7),(153,'Localidad','localidad',1,1,1,'','',NULL,'',9,7),(154,'Facebook','facebook',1,0,1,'','',NULL,'',10,7),(155,'Instagram','instagram',1,0,1,'','',NULL,'Las redes sociales son importantes para nosotros por dos motivos. Muchos adoptantes suben constantemente fotos de los adoptados a sus perfiles y es una manera para nosotros de saber de ellos. Además hacemos el seguimiento vía instagram, facebook o mail.',11,7),(156,'Nos gustaría saber cómo nos conociste. ¿Nos contás?','nos_gustaria_saber_como_nos_conociste_nos_contas',2,1,1,'','',NULL,'',12,7),(157,'1. ¿Por qué motivo querés adoptar un perro de nuestra agrupación?','1_por_que_motivo_queres_adoptar_un_perro_de_nuestra_agrupacion',2,1,1,'','',NULL,'',13,7),(158,'2. ¿Qué tipo de vivienda tenés?','2_que_tipo_de_vivienda_tenes',1,1,1,'','',NULL,'',14,7),(159,'3. Si vivís en departamento y/o tu vivienda es alquilada ¿Chequeaste que el reglamento permita la tenencia de animales?','3_si_vivis_en_departamento_yo_tu_vivienda_es_alquilada_chequeaste_que_el_reglamento_permita_la_tenencia_de_animales',1,1,1,'','',NULL,'',15,7),(160,'4. ¿Tenés balcón, terraza, patio o jardín?','4_tenes_balcon_terraza_patio_o_jardin_si_no',6,1,1,'Si,No','',NULL,'',16,7),(161,'5. ¿La vivienda cuenta con la protección necesaria (medianeras altas, portones, rejas, etc.) para evitar que el perro pueda escaparse y/o caerse?','5_la_vivienda_cuenta_con_la_proteccion_necesaria_medianeras_altas_portones_rejas_etc_para_evitar_que_el_perro_pueda_escaparse_yo_caerse',1,0,1,'','',NULL,'',17,7),(162,'Fotos Protección (1)','fotos_proteccion_1',9,0,1,'','',NULL,'',18,7),(163,'Fotos Protección (2)','fotos_proteccion_2',9,0,1,'','',NULL,'',19,7),(164,'Fotos Protección (3)','fotos_proteccion_3',9,0,1,'','',NULL,'',20,7),(165,'En caso de que [el perro] haya encontrado hogar, ¿Considerarías adoptar a otro rescatado de la agrupación?','en_caso_de_que_perro_haya_encontrado_hogar_considerarias_adoptar_a_otro_rescatado_de_la_agrupacion',1,1,1,'','',NULL,'',1,7),(166,'6. ¿Ya tuviste perros?','6_ya_tuviste_perros',6,1,1,'Si,No','',NULL,'',21,7),(167,'7. Si tuviste, pero ya no lo tenés, ¿qué ocurrió con el perro?','7_si_tuviste_pero_ya_no_lo_tenes_que_ocurrio_con_el_perro',2,1,1,'','',NULL,'',22,7),(168,'8. ¿Cuántas personas viven en tu hogar? (Indicá edades)','8_cuantas_personas_viven_en_tu_hogar_indica_edades',2,1,1,'','',NULL,'',23,7),(169,'9. ¿Todos en el hogar quieren adoptar?','9_todos_en_el_hogar_quieren_adoptar',6,1,1,'Si,No','',NULL,'Si tu respuesta es no, te sugerimos que dialoguen y puedan llegar a una decisión conjunta antes de pensar en adoptar.',24,7),(170,'10. ¿Alguien en la familia tiene alergia a los perros?','10_alguien_en_la_familia_tiene_alergia_a_los_perros',1,1,1,'','',NULL,'',25,7),(171,'11. En caso de que a alguien se le diagnostique alergia a los perros, ¿Considerarían realizar la consulta correspondiente con un médico y tratarla?','11_en_caso_de_que_a_alguien_se_le_diagnostique_alergia_a_los_perros_considerarian_realizar_la_consulta_correspondiente_con_un_medico_y_tratarla',1,1,1,'','',NULL,'',26,7),(172,'12. ¿Qué harías con el perro en el caso de que tuvieras que mudarte y en la nueva vivienda no aceptan animales?','12_que_harias_con_el_perro_en_el_caso_de_que_tuvieras_que_mudarte_y_en_la_nueva_vivienda_no_aceptan_mascotas',2,1,1,'','',NULL,'',27,7),(173,'13. ¿Qué ocurriría con el perro si alguien en la familia quedara embarazada?','13_que_ocurriria_con_el_perro_si_alguien_en_la_familia_quedara_embarazada',2,1,1,'','',NULL,'Esta pregunta va referida al tiempo que demanda atender a un bebé y a un perro.',28,7),(174,'14. ¿Dónde dormirá el nuevo integrante?','14_donde_dormira_el_nuevo_integrante',1,1,1,'','',NULL,'Por favor adjuntá fotos',29,7),(175,'Foto 1','foto_1',9,0,1,'','',NULL,'',30,7),(176,'Foto 2','foto_2',9,0,1,'','',NULL,'',31,7),(177,'Foto 3','foto_3',9,0,1,'','',NULL,'',32,7),(178,'15. ¿Hay otro/s perro/s en tu casa?','15_hay_otros_perros_en_tu_casa',6,1,1,'Si,No','',NULL,'',33,7),(179,'16.1. Por favor indicá sexos y edades:','161_por_favor_indica_sexos_y_edades',2,0,1,'','',NULL,'',34,7),(180,'16.2. ¿Están castrados?','162_estan_castrados',1,0,1,'','',NULL,'',35,7),(181,'16.3. ¿Están vacunados?','163_estan_vacunados',1,0,1,'','',NULL,'',36,7),(182,'16.4. ¿Están desparasitados y sin pulgas?','164_estan_desparasitados_y_sin_pulgas',1,0,1,'','',NULL,'',37,7),(183,'16.5. ¿Qué alimento les das? Por favor mencioná nombre y marca.','165_que_alimento_les_das_por_favor_menciona_nombre_y_marca',1,0,1,'','',NULL,'',38,7),(184,'17. ¿Hay gatos/s en tu casa?','17_hay_gatoss_en_tu_casa',6,1,1,'Si,No','',NULL,'',39,7),(185,'17.1. Por favor indicá sexos y edades','171_por_favor_indica_sexos_y_edades',2,0,1,'','',NULL,'',40,7),(186,'17.2. ¿Están castrados?','172_estan_castrados',1,0,1,'','',NULL,'',41,7),(187,'17.3. ¿Están vacunados?','173_estan_vacunados',1,0,1,'','',NULL,'',42,7),(188,'17.4. ¿Están desparasitados y sin pulgas?','174_estan_desparasitados_y_sin_pulgas',1,0,1,'','',NULL,'',43,7),(189,'17.5. ¿Qué alimento les das? Por favor mencioná nombre y marca.','175_que_alimento_les_das_por_favor_menciona_nombre_y_marca',1,0,1,'','',NULL,'',44,7),(190,'18. ¿Estás dispuesto a afrontar los costos de mantener en buen estado la salud del perro? Esto incluye visitas a la veterinaria, vacunaciones, desparasitaciones, alimento de buena calidad, etc.','18_estas_dispuesto_a_afrontar_los_costos_de_mantener_en_buen_estado_la_salud_del_perro_esto_incluye_visitas_a_la_veterinaria_vacunaciones_desparasitaciones_alimento_de_buena_calidad_etc',6,1,1,'Si,No','',NULL,'Tené en cuenta que un perro con los cuidados pertinentes puede llegar a vivir entre 10 y 20 años.',45,7),(191,'19. ¿Contás con los medios para castrar al perro y/o en tu municipio ofrecen castraciones gratuitas o a bajo costo?','19_contas_con_los_medios_para_castrar_al_perro_yo_en_tu_municipio_ofrecen_castraciones_gratuitas_o_a_bajo_costo',2,1,1,'','',NULL,'',46,7),(192,'20. ¿Alguna vez debiste regalar a un animal tuyo? Si es así, ¿por qué?','20_alguna_vez_debiste_regalar_a_un_animal_tuyo_si_es_asi_por_que',2,1,1,'','',NULL,'',47,7),(193,'21. ¿Estás dispuesto a darle el tiempo necesario al perro para su adaptación?','21_estas_dispuesto_a_darle_el_tiempo_necesario_al_perro_para_su_adaptacion',1,1,1,'','',NULL,'Esto puede demorar varias semanas. El proceso de adaptación requiere de tiempo (días, semanas o meses según cada caso) y mucha paciencia, sobre todo si hay otros animales en la casa. Tené presente que durante los primeros días el nuevo integrante puede llorar, ladrar, hacer pis y caca en lugares indeseados, romper cosas o presentar otras conductas.',48,7),(194,'22. ¿Contás con el tiempo suficiente para sacarlo a pasear o disponés de los medios para contratar un paseador?','22_contas_con_el_tiempo_suficiente_para_sacarlo_a_pasear_o_dispones_de_los_medios_para_contratar_un_paseador',1,1,1,'','',NULL,'',49,7),(195,'23. Un cachorro suele tener mucha energía y ganas de jugar, ¿Contás con el tiempo suficiente para dedicarle tiempo al juego?','23_un_cachorro_suele_tener_mucha_energia_y_ganas_de_jugar_contas_con_el_tiempo_suficiente_para_dedicarle_tiempo_al_juego',1,1,1,'','',NULL,'',50,7),(196,'24. En caso de salir de vacaciones y que el perro no viaje con vos, ¿Quién lo cuidaría?','24_en_caso_de_salir_de_vacaciones_y_que_el_perro_no_viaje_con_vos_quien_lo_cuidaria',2,1,1,'','',NULL,'',51,7),(197,'25. ¿Consideras que el perro es compatible con tu vida familiar y laboral actual y/o futura?','25_consideras_que_el_perro_es_compatible_con_tu_vida_familiar_y_laboral_actual_yo_futura',2,1,1,'','',NULL,'',52,7),(198,'26. ¿En caso de quedarte sin trabajo, tenés a alguna persona que te pueda ayudar a cubrir los gastos del perro?','26_en_caso_de_quedarte_sin_trabajo_tenes_a_alguna_persona_que_te_pueda_ayudar_a_cubrir_los_gastos_del_perro',2,1,1,'','',NULL,'',53,7),(199,'27. ¿Crees que existe algún motivo por el cual hablarías con la agrupación para devolver al perro?','27_crees_que_existe_algun_motivo_por_el_cual_hablarias_con_la_agrupacion_para_devolver_al_perro',2,1,1,'','',NULL,'',54,7),(200,'Direccion','direccion',1,1,1,'','',NULL,'',7,7),(201,'Direccion','direccion',1,1,1,'','',NULL,'',8,3),(202,'En caso de que [el gato] haya encontrado hogar, ¿Considerarías adoptar a otro rescatado de la agrupación?','en_caso_de_que_el_gato_haya_encontrado_hogar_considerarias_adoptar_a_otro_rescatado_de_la_agrupacion',1,1,1,'','',NULL,'',1,3),(203,'Nos gustaría saber cómo nos conociste. ¿Nos contás?','nos_gustaria_saber_como_nos_conociste_nos_contas',2,1,1,'','',NULL,'',13,3),(204,'16.4. ¿Están desparasitados y sin pulgas?','164_estan_desparasitados_y_sin_pulgas',1,0,1,'','',NULL,'',39,3),(205,'16.5. ¿Qué alimento le das? Por favor mencioná nombre y marca.','165_que_alimento_le_das_por_favor_menciona_nombre_y_marca',1,0,1,'','',NULL,'',40,3),(206,'17. ¿Hay perros en tu casa?','17_hay_perros_en_tu_casa',6,1,1,'Si,No','',NULL,'',41,3),(207,'17.1. Por favor indicá sexos y edades','171_por_favor_indica_sexos_y_edades',1,0,1,'','',NULL,'',42,3),(208,'17.2. ¿Están castrados?','172_estan_castrados',1,0,1,'','',NULL,'',43,3),(209,'17.3. ¿Están vacunados?','173_estan_vacunados',1,0,1,'','',NULL,'',44,3),(210,'17.4. ¿Están desparasitados y sin pulgas?','174_estan_desparasitados_y_sin_pulgas',1,0,1,'','',NULL,'',45,3),(211,'17.5. ¿Qué alimento le das? Por favor mencioná nombre y marca.','175_que_alimento_le_das_por_favor_menciona_nombre_y_marca',1,0,1,'','',NULL,'',46,3),(212,'Direccion','direccion',1,1,1,'','',NULL,'',5,4),(213,'25. Mencioná el o los motivo/s por los cuales considerarías encontrarle un nuevo hogar de tránsito:','menciona_el_o_los_motivos_por_los_cuales_considerarias_encontrarle_un_nuevo_hogar_de_transito',2,1,1,'','',NULL,'',39,4),(214,'27. ¿El gato tendría acceso a la calle o a los techos del vecindario? ¿Lo dejarías salir a la vereda o andar por los techos?','27_el_gato_tendria_acceso_a_la_calle_lo_dejarias_salir_a_la_vereda_o_andar_por_el_barrio',2,1,1,'','',NULL,'',56,3),(215,'5.1. ¿El gato tendría acesso al balcón, terraza, patio o jardín?','51_el_gato_tendria_acesso_al_balcon_terraza_patio_o_jardin',1,0,1,'','',NULL,'',19,3),(216,'5.1. ¿La vivienda cuenta con la protección necesaria en ventanas y rejas para evitar que el gato pueda escaparse y/o caerse?','51_la_vivienda_cuenta_con_la_proteccion_necesaria_en_ventanas_y_rejas_para_evitar_que_el_gato_pueda_escaparse_yo_caerse',1,0,1,'','',NULL,'',18,3),(217,'En caso de ser elegido como adoptante un miembro de la agrupación llevará al adoptado hasta adentro del domicilio, para conocer el hogar y dejar al nuevo miembro de la familia dentro del domicilio. ¿Estás de acuerdo con este requisito?','29_en_caso_de_ser_elegido_como_adoptante_estas_de_acuerdo_con_dejar_pasar_a_un_miembro_de_la_agrupacion_a_conocer_el_nuevo_hogar_del_gato_cuando_lo_llevemos_a_su_domicilio',6,1,1,'Si,No','',NULL,'',2,3);
/*!40000 ALTER TABLE `forms_field` ENABLE KEYS */;
UNLOCK TABLES;

--
-- Table structure for table `forms_form_sites`
--

DROP TABLE IF EXISTS `forms_form_sites`;
/*!40101 SET @saved_cs_client     = @@character_set_client */;
/*!50503 SET character_set_client = utf8mb4 */;
CREATE TABLE `forms_form_sites` (
  `id` int NOT NULL AUTO_INCREMENT,
  `form_id` int NOT NULL,
  `site_id` int NOT NULL,
  PRIMARY KEY (`id`),
  UNIQUE KEY `forms_form_sites_form_id_site_id_4315a00a_uniq` (`form_id`,`site_id`),
  KEY `forms_form_sites_site_id_25b7859e_fk_django_site_id` (`site_id`),
  CONSTRAINT `forms_form_sites_form_id_eae2ae5a_fk_forms_form_id` FOREIGN KEY (`form_id`) REFERENCES `forms_form` (`id`),
  CONSTRAINT `forms_form_sites_site_id_25b7859e_fk_django_site_id` FOREIGN KEY (`site_id`) REFERENCES `django_site` (`id`)
) ENGINE=InnoDB AUTO_INCREMENT=6 DEFAULT CHARSET=latin1;
/*!40101 SET character_set_client = @saved_cs_client */;

--
-- Dumping data for table `forms_form_sites`
--

LOCK TABLES `forms_form_sites` WRITE;
/*!40000 ALTER TABLE `forms_form_sites` DISABLE KEYS */;
INSERT INTO `forms_form_sites` VALUES (1,3,1),(2,4,1),(4,6,1),(5,7,1);
/*!40000 ALTER TABLE `forms_form_sites` ENABLE KEYS */;
UNLOCK TABLES;
/*!40103 SET TIME_ZONE=@OLD_TIME_ZONE */;

/*!40101 SET SQL_MODE=@OLD_SQL_MODE */;
/*!40014 SET FOREIGN_KEY_CHECKS=@OLD_FOREIGN_KEY_CHECKS */;
/*!40014 SET UNIQUE_CHECKS=@OLD_UNIQUE_CHECKS */;
/*!40101 SET CHARACTER_SET_CLIENT=@OLD_CHARACTER_SET_CLIENT */;
/*!40101 SET CHARACTER_SET_RESULTS=@OLD_CHARACTER_SET_RESULTS */;
/*!40101 SET COLLATION_CONNECTION=@OLD_COLLATION_CONNECTION */;
/*!40111 SET SQL_NOTES=@OLD_SQL_NOTES */;

-- Dump completed on 2022-05-31 16:30:44
